{
  "alpha_ms": 17.079,
  "beta_ms": 7.393,
  "prefill_ms": 160.0,
  "r2": 0.9755,
  "source": "synthetic",
  "measured": false,
  "n_samples": 20,
  "samples": [
    [
      1,
      25.693845134103285
    ],
    [
      1,
      25.039835227410084
    ],
    [
      1,
      27.050911922704945
    ],
    [
      1,
      25.64038029086999
    ],
    [
      1,
      24.049435271661224
    ],
    [
      4,
      49.51920214130169
    ],
    [
      4,
      54.41288679494294
    ],
    [
      4,
      52.5050369668334
    ],
    [
      4,
      44.51505681460007
    ],
    [
      4,
      42.08363146601792
    ],
    [
      8,
      72.92134397358885
    ],
    [
      8,
      77.93237197349363
    ],
    [
      8,
      61.51036820029611
    ],
    [
      8,
      75.93135134364076
    ],
    [
      8,
      68.51945585115392
    ],
    [
      16,
      127.61615247409793
    ],
    [
      16,
      130.03813932761923
    ],
    [
      16,
      133.03651900546345
    ],
    [
      16,
      143.08183492746176
    ],
    [
      16,
      152.3994481375756
    ]
  ],
  "fitted_at": "2026-06-13T05:16:13Z",
  "note": "Synthetic ground truth (no hardware). Sets a realistic prefill:decode RATIO so the frontier SHAPE is right; absolute ms are illustrative."
}