{
  "alpha_ms": 15.23594941450773,
  "beta_ms": 7.818451744258424,
  "r2": 0.9749378548023806,
  "source": "synthetic",
  "batch_sizes": [
    1,
    4,
    8,
    16
  ],
  "n_samples": 24,
  "samples": [
    [
      1,
      25.693845134103285
    ],
    [
      1,
      25.039835227410084
    ],
    [
      1,
      27.050911922704945
    ],
    [
      1,
      25.64038029086999
    ],
    [
      1,
      24.049435271661224
    ],
    [
      1,
      26.307076137566526
    ],
    [
      4,
      54.41288679494294
    ],
    [
      4,
      52.5050369668334
    ],
    [
      4,
      44.51505681460007
    ],
    [
      4,
      42.08363146601792
    ],
    [
      4,
      44.874673214516214
    ],
    [
      4,
      47.95838275291916
    ],
    [
      8,
      61.51036820029611
    ],
    [
      8,
      75.93135134364076
    ],
    [
      8,
      68.51945585115392
    ],
    [
      8,
      72.13086878970752
    ],
    [
      8,
      73.49981788082826
    ],
    [
      8,
      75.19455422047933
    ],
    [
      16,
      143.08183492746176
    ],
    [
      16,
      152.39944813757558
    ],
    [
      16,
      135.55808483865138
    ],
    [
      16,
      157.4172671334766
    ],
    [
      16,
      128.47498521641472
    ],
    [
      16,
      142.22420091532
    ]
  ],
  "fitted_at": "2026-06-10T14:33:24Z",
  "note": "alpha_ms = fixed per-batch cost, beta_ms = marginal per-item cost; latency(b)=alpha+beta*b. 'synthetic' source means no hardware was used."
}